ZIP_CODE,SQUARE_METERS,INVOICE_DATE,ENERGY_CONSUMPTION,TAX_ID,SUPPLY_ID,LATITUDE,LONGITUDE
30300.0,125.0,2023-08-15,2716.0,736,1902,39.074208,21.824312
38221.0,88.0,2023-08-15,498.0,1485,724,39.074208,21.824312
74061.0,72.0,2023-08-15,41.0,296,1019,39.074208,21.824312
33200.0,31.0,2023-08-15,182.0,529,551,39.074208,21.824312
52050.0,130.0,2023-08-15,1530.0,38,1871,39.074208,21.824312
25200.0,85.0,2023-08-15,278.0,1928,575,39.074208,21.824312
54633.0,50.0,2023-08-15,0.0,1458,338,40.6409812,22.9464999
68500.0,132.0,2023-08-15,951.0,1970,1728,39.074208,21.824312
24100.0,90.0,2023-08-15,491.0,366,689,37.0802026,22.166867
24500.0,148.0,2023-08-15,156.0,17,710,39.074208,21.824312
11522.0,80.0,2023-08-15,1050.0,1839,1458,37.9884942,23.7565863
15771.0,,2023-08-15,3183.0,961,147,39.074208,21.824312
81100.0,80.0,2023-08-15,1055.0,202,980,39.074208,21.824312
17236.0,85.0,2023-08-15,1669.0,673,1126,37.9467428,23.7439993
17778.0,112.0,2023-08-15,430.0,779,1329,37.9698532,23.6985909
49100.0,83.0,2023-08-15,520.0,221,1973,39.7627551,19.8186982
26333.0,69.0,2023-08-15,568.0,29,523,38.2175263,21.7256609
18450.0,,2023-08-15,973.0,1638,1347,39.074208,21.824312
27131.0,95.0,2023-08-15,255.0,1484,669,39.074208,21.824312
11633.0,46.0,2023-08-15,909.0,1029,116,37.9668506,23.75
65201.0,,2023-08-15,672.0,1188,1776,39.074208,21.824312
18757.0,76.0,2023-08-15,473.0,89,1164,37.9694817,23.6207523
15127.0,148.0,2023-08-15,1218.0,1200,1656,39.074208,21.824312
17673.0,110.0,2023-08-15,1366.0,1927,1377,37.9471012,23.7015776
20500.0,85.0,2023-08-15,774.0,1468,605,39.074208,21.824312
55132.0,108.0,2023-08-15,269.0,406,419,40.5745629,22.9465596
18536.0,75.0,2023-08-15,1262.0,390,1318,37.9393131,23.6424563
71305.0,71.0,2023-08-15,1200.0,1397,1049,35.3272623,25.1299487
71601.0,143.0,2023-08-15,352.0,580,1030,39.074208,21.824312
34008.0,263.0,2023-08-15,917.0,616,923,38.3962372,23.7926552
16342.0,106.0,2023-08-15,1339.0,758,1409,37.9304396,23.7581088
16121.0,78.0,2023-08-15,1123.0,97,97,39.074208,21.824312
30004.0,143.0,2023-08-15,0.0,323,1903,39.074208,21.824312
68100.0,108.0,2023-08-15,206.0,702,1732,40.8551059,25.7417761
27131.0,70.0,2023-08-15,370.0,1630,665,39.074208,21.824312
13122.0,123.0,2023-08-15,744.0,1383,203,38.030062,23.7082108
14233.0,53.0,2023-08-15,408.0,1758,1443,38.0352473,23.759774
18121.0,97.0,2023-08-15,140.0,623,1195,39.074208,21.824312
49100.0,80.0,2023-08-15,0.0,55,1967,39.7627551,19.8186982
61100.0,104.0,2023-08-15,286.0,1224,390,39.074208,21.824312
13561.0,104.0,2023-08-15,1092.0,788,162,39.074208,21.824312
11362.0,,2023-08-15,545.0,1474,35,37.9968987,23.740664
54351.0,74.0,2023-08-15,698.0,1476,478,39.074208,21.824312
17342.0,109.0,2023-08-15,232.0,753,1279,37.9229501,23.7268068
57019.0,85.0,2023-08-15,207.0,1575,474,40.5026766,22.9169454
17121.0,128.0,2023-08-15,1485.0,990,1308,39.074208,21.824312
21061.0,,2023-08-15,4080.0,1985,636,39.074208,21.824312
49100.0,116.0,2023-08-15,660.0,1398,1997,39.7627551,19.8186982
26223.0,66.0,2023-08-15,536.0,730,537,38.254639,21.7414437
12461.0,56.0,2023-08-15,832.0,1633,10,39.074208,21.824312
55236.0,342.0,2023-08-15,2356.0,371,451,40.5851574,23.0243592
18122.0,96.0,2023-08-15,434.0,1239,1348,37.9871449,23.6419455
16673.0,,2023-08-15,1972.0,1163,1304,37.8313786,23.7749064
10442.0,57.0,2023-08-15,667.0,1844,140,37.9963295,23.7093092
16231.0,48.0,2023-08-15,167.0,1835,237,39.074208,21.824312
11854.0,98.0,2023-08-15,140.0,485,259,39.074208,21.824312
17455.0,60.0,2023-08-15,137.0,1763,1301,37.9120426,23.7098513
49100.0,200.0,2023-08-15,300.0,1168,1991,39.7627551,19.8186982
16777.0,102.0,2023-08-15,962.0,18,1102,37.8953537,23.744783
32006.0,77.0,2023-08-15,416.0,1111,888,38.3570993,22.7889422
14234.0,92.0,2023-08-15,1678.0,1412,1572,39.074208,21.824312
20200.0,,2023-08-15,431.0,815,607,39.074208,21.824312
23200.0,73.0,2023-08-15,666.0,703,718,39.074208,21.824312
22002.0,97.0,2023-08-15,1.0,247,660,37.7133997,22.2717815
11525.0,87.0,2023-08-15,659.0,347,1456,37.995752,23.7776815
13671.0,147.0,2023-08-15,404.0,512,213,39.074208,21.824312
74055.0,98.0,2023-08-15,2124.0,1324,1018,35.3195394,24.3246999
18545.0,99.0,2023-08-15,485.0,771,1325,37.95198,23.6415334
67200.0,60.0,2023-08-15,979.0,1395,1767,39.074208,21.824312
54622.0,156.0,2023-08-15,2266.0,1081,332,40.6318012,22.9471962
16672.0,219.0,2023-08-15,3579.0,767,1389,37.827508,23.8069065
84400.0,58.0,2023-08-15,257.0,1705,969,39.074208,21.824312
38333.0,69.0,2023-08-15,1616.0,772,743,39.367557,22.9463704
13123.0,70.0,2023-08-15,85.0,1126,25,38.0374707,23.6978864
61100.0,65.0,2023-08-15,86.0,1225,395,39.074208,21.824312
19003.0,48.0,2023-08-15,51.0,1057,1697,37.9106901,24.0177053
16346.0,97.0,2023-08-15,516.0,1387,1262,37.9376968,23.7493748
70013.0,180.0,2023-08-15,354.0,849,1045,35.211961,25.0110063
11146.0,110.0,2023-08-15,921.0,337,1547,38.0192869,23.7520535
74100.0,71.0,2023-08-15,488.0,764,1025,39.074208,21.824312
19009.0,99.0,2023-08-15,503.0,624,1600,38.0178806,23.9979811
56727.0,109.0,2023-08-15,1616.0,1113,341,40.6537176,22.9370206
54638.0,78.0,2023-08-15,551.0,1358,434,40.6205372,22.9639344
16672.0,51.0,2023-08-15,562.0,635,1263,37.827508,23.8069065
13121.0,87.0,2023-08-15,305.0,1483,293,39.074208,21.824312
18756.0,77.0,2023-08-15,938.0,1128,1192,37.9599679,23.625872
13231.0,119.0,2023-08-15,8.0,804,196,39.074208,21.824312
26442.0,114.0,2023-08-15,1743.0,842,548,38.2794669,21.7521278
47100.0,152.0,2023-08-15,471.0,1563,1918,39.13587589999999,20.9752637
62054.0,95.0,2023-08-15,496.0,1948,1812,39.074208,21.824312
11146.0,113.0,2023-08-15,955.0,956,1679,38.0192869,23.7520535
14572.0,271.0,2023-08-15,480.0,105,1642,38.118785,23.8596257
174755.0,111.0,2023-08-15,839.0,1307,1380,39.074208,21.824312
12134.0,68.0,2023-08-15,504.0,86,14,39.074208,21.824312
17672.0,125.0,2023-08-15,1330.0,1973,1198,37.953283,23.7087275
60063.0,35.0,2023-08-15,288.0,419,1850,40.0381834,22.548349
19002.0,145.0,2023-08-15,733.0,44,1698,37.9537757,23.8559055
54248.0,80.0,2023-08-15,748.0,604,424,40.5992628,22.9594498
18451.0,59.0,2023-08-15,442.0,1626,1341,39.074208,21.824312
84400.0,80.0,2023-08-15,129.0,1291,970,39.074208,21.824312
24100.0,94.0,2023-08-15,150.0,1917,686,37.0802026,22.166867
21055.0,80.0,2023-08-15,325.0,674,618,37.6456561,22.8146169
30500.0,96.0,2023-08-15,1.0,1214,1905,39.074208,21.824312
16231.0,67.0,2023-08-15,1078.0,1836,108,39.074208,21.824312
18122.0,113.0,2023-08-15,300.0,667,1158,37.9871449,23.6419455
11743.0,49.0,2023-08-15,365.0,1822,1256,37.9633155,23.7295933
54634.0,56.0,2023-08-15,152.0,701,329,39.074208,21.824312
19003.0,96.0,2023-08-15,364.0,1046,1596,37.9106901,24.0177053
30100.0,168.0,2023-08-15,0.0,70,1888,39.074208,21.824312
63080.0,57.0,2023-08-15,669.0,1457,516,39.074208,21.824312
45500.0,79.0,2023-08-15,753.0,925,1955,39.074208,21.824312
33056.0,120.0,2023-08-15,179.0,558,1901,38.4527152,21.9760964
16777.0,77.0,2023-08-15,427.0,1944,1400,37.8953537,23.744783
16561.0,138.0,2023-08-15,230.0,490,1315,39.074208,21.824312
56626.0,41.0,2023-08-15,316.0,1720,347,40.6525466,22.953215
16343.0,,2023-08-15,581.0,358,1407,37.9355223,23.7605497
67100.0,113.0,2023-08-15,372.0,679,1764,39.074208,21.824312
12351.0,78.0,2023-08-15,859.0,391,178,39.074208,21.824312
41335.0,121.0,2023-08-15,1192.0,1392,780,39.6246896,22.4212416
19015.0,51.0,2023-08-15,722.0,654,1689,38.3346273,23.7408956
11524.0,79.0,2023-08-15,1061.0,398,1495,39.074208,21.824312
40006.0,170.0,2023-08-15,1118.0,1558,783,39.7704074,22.5585347
14231.0,49.0,2023-08-15,952.0,1023,1514,39.074208,21.824312
21100.0,132.0,2023-08-15,960.0,385,621,37.5842718,22.8463007
45221.0,209.0,2023-08-15,2567.0,449,1952,39.074208,21.824312
16341.0,100.0,2023-08-15,1291.0,837,1278,39.074208,21.824312
16343.0,57.0,2023-08-15,1458.0,454,1272,37.9355223,23.7605497
49100.0,22.0,2023-08-15,53.0,948,1983,39.7627551,19.8186982
42100.0,90.0,2023-08-15,281.0,1808,803,39.074208,21.824312
18545.0,,2023-08-15,1361.0,1955,1161,37.95198,23.6415334
41222.0,154.0,2023-08-15,594.0,278,773,39.6384962,22.4175464
37500.0,127.0,2023-08-15,3042.0,1078,761,39.074208,21.824312
30008.0,89.0,2023-08-15,297.0,799,1891,38.55592900000001,21.6740721
35150.0,91.0,2023-08-15,578.0,606,834,39.074208,21.824312
17237.0,52.0,2023-08-15,60.0,1648,1231,37.9545807,23.7383143
37002.0,23.0,2023-08-15,836.0,1992,760,39.1562947,23.4418908
14568.0,95.0,2023-08-15,146.0,1100,1667,38.14109940000001,23.8311079
15123.0,,2023-08-15,4556.0,547,1659,38.0282618,23.7876589
16673.0,173.0,2023-08-15,786.0,506,1385,37.8313786,23.7749064
18030.0,50.0,2023-08-15,1064.0,474,643,39.074208,21.824312
60100.0,32.0,2023-08-15,80.0,1197,1847,39.074208,21.824312
54629.0,72.0,2023-08-15,559.0,1924,355,40.6433635,22.9339563
56123.0,110.0,2023-08-15,472.0,699,362,40.6541997,22.9293738
68200.0,48.0,2023-08-15,105.0,1592,1743,39.074208,21.824312
35100.0,39.0,2023-08-15,290.0,1921,845,39.074208,21.824312
81100.0,158.0,2023-08-15,165.0,1645,982,39.074208,21.824312
35100.0,105.0,2023-08-15,217.0,361,833,39.074208,21.824312
18533.0,105.0,2023-08-15,83.0,864,1327,37.9423575,23.6576603
17778.0,85.0,2023-08-15,593.0,1589,1326,37.9698532,23.6985909
11146.0,53.0,2023-08-15,101.0,1552,1507,38.0192869,23.7520535
15232.0,130.0,2023-08-15,417.0,80,1426,38.020741,23.7959223
29100.0,266.0,2023-08-15,2685.0,290,1881,39.074208,21.824312
11142.0,91.0,2023-08-15,1427.0,1013,1681,38.0262908,23.7465471
56431.0,100.0,2023-08-15,1034.0,1076,370,39.074208,21.824312
13121.0,77.0,2023-08-15,94.0,1754,226,39.074208,21.824312
73100.0,120.0,2023-08-15,154.0,1376,1011,39.074208,21.824312
57010.0,145.0,2023-08-15,332.0,377,491,40.6455525,23.0118975
11521.0,,2023-08-15,1324.0,504,11,39.074208,21.824312
18122.0,88.0,2023-08-15,944.0,1240,1186,37.9871449,23.6419455
42100.0,80.0,2023-08-15,213.0,354,796,39.074208,21.824312
34400.0,165.0,2023-08-15,348.0,280,939,39.074208,21.824312
60000.0,91.0,2023-08-15,902.0,90,1839,39.074208,21.824312
16341.0,30.0,2023-08-15,675.0,1935,1203,39.074208,21.824312
16344.0,50.0,2023-08-15,412.0,666,1207,39.074208,21.824312
26442.0,168.0,2023-08-15,1341.0,314,544,38.2794669,21.7521278
32004.0,173.0,2023-08-15,798.0,1767,909,39.074208,21.824312
14562.0,,2023-08-15,7680.0,731,1633,38.0722402,23.8139199
10441.0,70.0,2023-08-15,281.0,261,33,39.074208,21.824312
16341.0,119.0,2023-08-15,92.0,159,1296,39.074208,21.824312
20300.0,121.0,2023-08-15,635.0,493,597,39.074208,21.824312
14451.0,53.0,2023-08-15,46.0,1746,1485,39.074208,21.824312
27100.0,116.0,2023-08-15,452.0,723,673,37.6724114,21.3554414
14572.0,197.0,2023-08-15,207.0,1344,1648,38.118785,23.8596257
11147.0,30.0,2023-08-15,120.0,1804,1683,38.0169141,23.7552966
14569.0,89.0,2023-08-15,318.0,1384,1521,38.1301776,23.8578636
14561.0,129.0,2023-08-15,1370.0,88,1566,39.074208,21.824312
10435.0,110.0,2023-08-15,287.0,1632,260,37.9817943,23.7170039
15126.0,74.0,2023-08-15,494.0,1553,1432,38.0524345,23.8199058
35100.0,88.0,2023-08-15,1675.0,1193,844,39.074208,21.824312
18900.0,70.0,2023-08-15,0.0,448,1157,39.074208,21.824312
73100.0,100.0,2023-08-15,7.0,204,1005,39.074208,21.824312
18546.0,94.0,2023-08-15,510.0,875,1191,37.9567449,23.6312718
19003.0,165.0,2023-08-15,546.0,386,1598,37.9106901,24.0177053
17235.0,56.0,2023-08-15,818.0,1477,1294,37.9505331,23.7347983
68400.0,191.0,2023-08-15,107.0,683,1737,39.074208,21.824312
18533.0,52.0,2023-08-15,664.0,1688,1145,37.9423575,23.6576603
12136.0,120.0,2023-08-15,1705.0,321,85,38.0078308,23.6823818
,315.0,2023-08-15,63.0,1171,1384,39.074208,21.824312
12243.0,,2023-08-15,1824.0,1403,199,37.997718,23.6739508
74052.0,257.0,2023-08-15,710.0,388,1027,35.327782,24.6905436
47042.0,77.0,2023-08-15,384.0,930,1911,39.1527258,20.9222988
21100.0,50.0,2023-08-15,429.0,66,613,37.5842718,22.8463007
17455.0,56.0,2023-08-15,840.0,1854,1396,37.9120426,23.7098513
12399.0,88.0,2023-08-15,967.0,631,31,39.074208,21.824312
61200.0,97.0,2023-08-15,398.0,1569,399,39.074208,21.824312
42032.0,108.0,2023-08-15,2069.0,854,808,39.500946,21.4991334
16675.0,137.0,2023-08-15,1526.0,81,1100,37.8640519,23.7454264
57004.0,147.0,2023-08-15,92.0,341,470,39.074208,21.824312
17123.0,74.0,2023-08-15,130.0,267,1080,37.9394745,23.713473
11528.0,90.0,2023-08-15,996.0,185,315,37.98049640000001,23.7561153
19100.0,182.0,2023-08-15,2106.0,219,1576,39.074208,21.824312
85100.0,50.0,2023-08-15,28.0,421,994,39.074208,21.824312
73134.0,194.0,2023-08-15,945.0,706,1016,39.074208,21.824312
18450.0,25.0,2023-08-15,177.0,67,1114,39.074208,21.824312
49082.0,35.0,2023-08-15,230.0,973,1984,39.1977287,20.170041
13231.0,110.0,2023-08-15,1633.0,1244,297,39.074208,21.824312
21200.0,127.0,2023-08-15,603.0,1915,631,39.074208,21.824312
83200.0,37.0,2023-08-15,5.0,299,978,39.074208,21.824312
19007.0,89.0,2023-08-15,0.0,1415,1724,38.1296457,23.9975233
38333.0,49.0,2023-08-15,455.0,1663,740,39.367557,22.9463704
57012.0,85.0,2023-08-15,1917.0,1646,498,40.5561044,23.3093285
23053.0,95.0,2023-08-15,21.0,481,721,36.5486552,23.0369406
21100.0,80.0,2023-08-15,16.0,953,612,37.5842718,22.8463007
13231.0,75.0,2023-08-15,445.0,1676,286,39.074208,21.824312
13671.0,169.0,2023-08-15,637.0,1773,310,39.074208,21.824312
38221.0,123.0,2023-08-15,779.0,1570,764,39.074208,21.824312
11633.0,92.0,2023-08-15,747.0,1005,251,37.9668506,23.75
16232.0,50.0,2023-08-15,47.0,633,247,37.9617869,23.7513958
49100.0,35.0,2023-08-15,379.0,338,1999,39.7627551,19.8186982
61100.0,99.0,2023-08-15,917.0,1390,396,39.074208,21.824312
17341.0,102.0,2023-08-15,315.0,591,1415,39.074208,21.824312
29100.0,70.0,2023-08-15,1342.0,440,1879,39.074208,21.824312
18648.0,87.0,2023-08-15,450.0,1717,1142,37.9487205,23.6266542
72053.0,29.0,2023-08-15,76.0,1992,1061,35.3199969,25.6983424
15232.0,104.0,2023-08-15,43.0,162,1450,38.020741,23.7959223
49100.0,70.0,2023-08-15,669.0,916,1970,39.7627551,19.8186982
49100.0,32.0,2023-08-15,158.0,641,1966,39.7627551,19.8186982
11142.0,50.0,2023-08-15,536.0,979,1526,38.0262908,23.7465471
17343.0,93.0,2023-08-15,397.0,1454,1217,37.9366072,23.731093
18121.0,102.0,2023-08-15,458.0,1284,1116,39.074208,21.824312
16451.0,164.0,2023-08-15,820.0,190,1110,39.074208,21.824312
55535.0,141.0,2023-08-15,949.0,236,441,40.5913928,22.9851404
57100.0,,2023-08-15,169.0,1692,356,40.8028808,22.6165554
38446.0,84.0,2023-08-15,781.0,919,751,39.3729194,22.9366914
63100.0,41.0,2023-08-15,107.0,1190,501,39.074208,21.824312
35007.0,83.0,2023-08-15,1117.0,1341,855,38.7233978,23.0468816
11146.0,53.0,2023-08-15,94.0,1747,1509,38.0192869,23.7520535
17341.0,27.0,2023-08-15,20.0,896,1420,39.074208,21.824312
14233.0,98.0,2023-08-15,306.0,1165,1431,38.0352473,23.759774
54623.0,64.0,2023-08-15,485.0,1216,352,40.63399709999999,22.9437701
15354.0,103.0,2023-08-15,2121.0,1142,1711,39.074208,21.824312
15351.0,75.0,2023-08-15,2258.0,1438,1701,39.074208,21.824312
62100.0,83.0,2023-08-15,205.0,1660,1800,39.074208,21.824312
13121.0,,2023-08-15,638.0,339,177,39.074208,21.824312
19001.0,166.0,2023-08-15,901.0,1062,1597,39.074208,21.824312
14231.0,49.0,2023-08-15,659.0,598,1512,39.074208,21.824312
35300.0,85.0,2023-08-15,203.0,1806,839,39.074208,21.824312
16673.0,122.0,2023-08-15,1722.0,143,1299,37.8313786,23.7749064
56429.0,87.0,2023-08-15,519.0,1759,384,40.6762832,22.9433501
57013.0,167.0,2023-08-15,385.0,671,379,40.7137773,22.9283587
17236.0,,2023-08-15,492.0,882,1105,37.9467428,23.7439993
17563.0,33.0,2023-08-15,29.0,1355,1209,37.925862,23.7119251
17563.0,,2023-08-15,985.0,958,1376,37.925862,23.7119251
18863.0,69.0,2023-08-15,615.0,1478,1338,37.96452,23.5679726
20009.0,79.0,2023-08-15,2143.0,262,609,38.1289162,22.4492654
34100.0,114.0,2023-08-15,165.0,1003,944,39.074208,21.824312
54634.0,234.0,2023-08-15,693.0,1036,343,39.074208,21.824312
14122.0,118.0,2023-08-15,158.0,1625,1668,38.0511604,23.7680577
16672.0,25.0,2023-08-15,1536.0,166,1291,37.827508,23.8069065
15233.0,186.0,2023-08-15,673.0,870,1612,38.024942,23.79748
15122.0,87.0,2023-08-15,506.0,387,1569,38.0569782,23.8006143
11635.0,76.0,2023-08-15,835.0,786,53,37.9669567,23.746057
17123.0,32.0,2023-08-15,990.0,1616,1222,37.9394745,23.713473
10443.0,85.0,2023-08-15,624.0,142,146,38.0021175,23.7133553
26442.0,49.0,2023-08-15,513.0,1929,541,38.2794669,21.7521278
11634.0,65.0,2023-08-15,6.0,1186,50,39.074208,21.824312
14569.0,90.0,2023-08-15,190.0,1122,1545,38.1301776,23.8578636
30100.0,93.0,2023-08-15,300.0,61,1885,39.074208,21.824312
26332.0,70.0,2023-08-15,407.0,511,527,38.2207737,21.7366312
60100.0,84.0,2023-08-15,514.0,1129,1846,39.074208,21.824312
50300.0,75.0,2023-08-15,305.0,132,1866,40.2828522,21.5547899
21052.0,106.0,2023-08-15,1366.0,1044,617,37.58841109999999,23.0726807
15772.0,34.0,2023-08-15,259.0,1103,94,37.9748045,23.7751799
19600.0,83.0,2023-08-05,318.0,462,1584,39.074208,21.824312
26332.0,30.0,2023-08-05,778.0,1352,563,38.2207737,21.7366312
11741.0,,2023-08-05,270.0,1147,1375,39.074208,21.824312
18541.0,75.0,2023-08-05,664.0,622,1194,39.074208,21.824312
13562.0,39.0,2023-08-05,460.0,1089,83,38.0368388,23.7276852
56429.0,80.0,2023-08-05,1154.0,1729,372,40.6762832,22.9433501
84501.0,48.0,2023-08-05,246.0,557,963,39.074208,21.824312
32004.0,193.0,2023-08-05,882.0,1258,904,39.074208,21.824312
12133.0,63.0,2023-08-05,26.0,572,211,38.0146322,23.7053501
11146.0,93.0,2023-08-05,2077.0,1518,1482,38.0192869,23.7520535
11854.0,48.0,2023-08-05,92.0,1995,262,39.074208,21.824312
,90.0,2023-08-05,466.0,967,1876,39.074208,21.824312
57000.0,168.0,2023-08-05,534.0,45,497,39.074208,21.824312
14232.0,77.0,2023-08-05,495.0,1904,1441,38.0330559,23.7498118
12132.0,66.0,2023-08-05,515.0,1893,273,38.0104638,23.7007324
17121.0,428.0,2023-08-05,3165.0,1718,1372,39.074208,21.824312
20400.0,48.0,2023-08-05,58.0,1667,610,39.074208,21.824312
54634.0,40.0,2023-08-05,927.0,228,328,39.074208,21.824312
10676.0,88.0,2023-08-05,605.0,766,13,37.9783126,23.7454858
16561.0,81.0,2023-08-05,235.0,164,1287,39.074208,21.824312
17237.0,83.0,2023-08-05,98.0,208,1411,37.9545807,23.7383143
11527.0,71.0,2023-08-05,978.0,1041,90,37.9837928,23.7629689
12243.0,111.0,2023-08-05,769.0,77,70,37.997718,23.6739508
45221.0,35.0,2023-08-05,396.0,1934,1941,39.074208,21.824312
17675.0,115.0,2023-08-05,235.0,1889,1374,37.9469456,23.6877713
16673.0,100.0,2023-08-05,25.0,548,1288,37.8313786,23.7749064
30100.0,115.0,2023-08-05,1294.0,709,1893,39.074208,21.824312
18900.0,38.0,2023-08-05,1344.0,1519,1146,39.074208,21.824312
21300.0,35.0,2023-08-05,674.0,1831,640,37.3542907,23.1362607
18120.0,64.0,2023-08-05,261.0,1014,1148,39.074208,21.824312
49100.0,232.0,2023-08-05,1985.0,1093,1963,39.7627551,19.8186982
13671.0,110.0,2023-08-05,882.0,1501,184,39.074208,21.824312
18454.0,,2023-08-05,940.0,965,1180,39.074208,21.824312
18451.0,93.0,2023-08-05,2191.0,1373,1188,39.074208,21.824312
69100.0,106.0,2023-08-05,1140.0,910,1750,41.1145301,25.4112679
10446.0,50.0,2023-08-05,223.0,1820,104,38.0034352,23.727173
62100.0,117.0,2023-08-05,453.0,1379,1809,39.074208,21.824312
72100.0,47.0,2023-08-05,58.0,1843,1062,39.074208,21.824312
38221.0,42.0,2023-08-05,79.0,684,725,39.074208,21.824312
42100.0,117.0,2023-08-05,233.0,776,806,39.074208,21.824312
11142.0,102.0,2023-08-05,797.0,315,1685,38.0262908,23.7465471
19600.0,77.0,2023-08-05,1223.0,1562,1581,39.074208,21.824312
18541.0,112.0,2023-08-05,511.0,940,1324,39.074208,21.824312
17342.0,95.0,2023-08-05,495.0,1357,1419,37.9229501,23.7268068
15232.0,70.0,2023-08-05,1050.0,1731,1425,38.020741,23.7959223
18863.0,,2023-08-05,827.0,1819,1196,37.96452,23.5679726
27100.0,258.0,2023-08-05,0.0,678,674,37.6724114,21.3554414
66100.0,,2023-08-05,1024.0,714,1791,39.074208,21.824312
11526.0,82.0,2023-08-05,353.0,685,244,37.9897207,23.7651761
45444.0,71.0,2023-08-05,242.0,316,1946,39.074208,21.824312
10443.0,165.0,2023-08-05,281.0,1056,258,38.0021175,23.7133553
54600.0,144.0,2023-08-05,1414.0,971,381,39.074208,21.824312
72400.0,160.0,2023-08-05,309.0,135,1058,39.074208,21.824312
18546.0,58.0,2023-08-05,926.0,1751,1128,37.9567449,23.6312718
17672.0,24.0,2023-08-05,134.0,1815,1213,37.953283,23.7087275
18536.0,71.0,2023-08-05,1810.0,1739,1129,37.9393131,23.6424563
17563.0,95.0,2023-08-05,1926.0,747,1369,37.925862,23.7119251
41221.0,50.0,2023-08-05,40.0,1115,782,39.074208,21.824312
11522.0,47.0,2023-08-05,699.0,401,1609,37.9884942,23.7565863
73200.0,80.0,2023-08-05,938.0,1359,1013,39.074208,21.824312
10439.0,29.0,2023-08-05,120.0,1913,133,37.99106640000001,23.7243818
61100.0,120.0,2023-08-05,674.0,754,389,39.074208,21.824312
34100.0,327.0,2023-08-05,2081.0,1402,940,39.074208,21.824312
54633.0,43.0,2023-08-05,182.0,821,339,40.6409812,22.9464999
18050.0,138.0,2023-08-05,373.0,123,634,39.074208,21.824312
35003.0,145.0,2023-08-05,1188.0,902,853,38.90035,22.1197918
11147.0,64.0,2023-08-05,64.0,1419,1562,38.0169141,23.7552966
56429.0,40.0,2023-08-05,422.0,1892,382,40.6762832,22.9433501
25016.0,55.0,2023-08-05,241.0,1191,661,37.8807816,21.9847559
11524.0,206.0,2023-08-05,1215.0,1049,1606,39.074208,21.824312
33200.0,,2023-08-05,1168.0,1151,911,39.074208,21.824312
19600.0,150.0,2023-08-05,1620.0,83,1585,39.074208,21.824312
34003.0,153.0,2023-08-05,886.0,1527,949,38.6287907,24.1084188
21059.0,116.0,2023-08-05,871.0,525,615,37.6265726,23.1322437
12244.0,59.0,2023-08-05,1081.0,1512,69,39.074208,21.824312
12243.0,72.0,2023-08-05,124.0,201,207,37.997718,23.6739508
18345.0,137.0,2023-08-05,261.0,129,1321,37.9531249,23.6816363
58005.0,147.0,2023-08-05,1013.0,586,1819,40.7845503,22.5316024
85302.0,45.0,2023-08-05,503.0,969,997,36.7998512,27.1029431
19013.0,130.0,2023-08-05,438.0,662,1703,37.7375886,23.941751
70008.0,25.0,2023-08-05,0.0,725,1040,35.2690984,25.2396099
14343.0,78.0,2023-08-05,244.0,1295,1539,38.0293616,23.7329608
19005.0,142.0,2023-08-05,433.0,527,1554,38.0707889,23.9910173
35100.0,108.0,2023-08-05,523.0,1325,847,39.074208,21.824312
54454.0,173.0,2023-08-05,1079.0,466,427,39.074208,21.824312
13451.0,130.0,2023-08-05,438.0,1371,205,39.074208,21.824312
16673.0,144.0,2023-08-05,2405.0,1603,1313,37.8313786,23.7749064
24100.0,125.0,2023-08-05,190.0,1473,697,37.0802026,22.166867
59100.0,77.0,2023-08-05,648.0,802,1823,40.5115162,22.2148981
15231.0,,2023-08-05,820.0,665,1491,39.074208,21.824312
32100.0,144.0,2023-08-05,231.0,82,858,39.074208,21.824312
21100.0,,2023-08-05,497.0,954,616,37.5842718,22.8463007
47100.0,197.0,2023-08-05,1538.0,249,1914,39.13587589999999,20.9752637
11146.0,50.0,2023-08-05,773.0,1418,1477,38.0192869,23.7520535
15124.0,135.0,2023-08-05,864.0,1685,1635,39.074208,21.824312
20100.0,86.0,2023-08-05,651.0,1248,604,39.074208,21.824312
12461.0,42.0,2023-08-05,1689.0,873,72,39.074208,21.824312
19012.0,24.0,2023-08-05,181.0,1327,1695,38.1537091,23.3436728
18233.0,66.0,2023-08-05,1778.0,556,1083,37.9646757,23.6707666
49100.0,73.0,2023-08-05,1581.0,593,1979,39.7627551,19.8186982
63080.0,114.0,2023-08-05,730.0,1664,505,39.074208,21.824312
16346.0,103.0,2023-08-05,997.0,2,1095,37.9376968,23.7493748
13123.0,98.0,2023-08-05,734.0,1212,187,38.0374707,23.6978864
17341.0,214.0,2023-08-05,73.0,847,1408,39.074208,21.824312
11146.0,62.0,2023-08-05,237.0,538,1673,38.0192869,23.7520535
19003.0,55.0,2023-08-05,518.0,1209,1714,37.9106901,24.0177053
15235.0,95.0,2023-08-05,487.0,209,1535,38.0325332,23.8356334
31100.0,262.0,2023-08-05,419.0,750,1927,39.074208,21.824312
11522.0,133.0,2023-08-05,1101.0,250,1622,37.9884942,23.7565863
18453.0,97.0,2023-08-05,120.0,1800,1352,37.9722528,23.6463577
26221.0,71.0,2023-08-05,495.0,1883,530,39.074208,21.824312
16561.0,124.0,2023-08-05,315.0,240,1200,39.074208,21.824312
18546.0,109.0,2023-08-05,1885.0,1881,1066,37.9567449,23.6312718
11528.0,73.0,2023-08-05,717.0,577,30,37.98049640000001,23.7561153
17123.0,127.0,2023-08-05,511.0,835,1367,37.9394745,23.713473
17234.0,84.0,2023-08-05,544.0,724,1219,39.074208,21.824312
11633.0,116.0,2023-08-05,1907.0,1668,248,37.9668506,23.75
45445.0,85.0,2023-08-05,0.0,1743,1957,39.6784673,20.8369577
72300.0,20.0,2023-08-05,234.0,93,1063,39.074208,21.824312
18531.0,79.0,2023-08-05,729.0,1517,1133,39.074208,21.824312
30006.0,48.0,2023-08-05,131.0,1958,1896,38.5331578,21.0763488
43100.0,48.0,2023-08-05,451.0,676,829,39.074208,21.824312
72100.0,96.0,2023-08-05,131.0,1337,1060,39.074208,21.824312
13122.0,62.0,2023-08-05,900.0,37,182,38.030062,23.7082108
54454.0,96.0,2023-08-05,320.0,612,432,39.074208,21.824312
17341.0,,2023-08-05,397.0,25,1236,39.074208,21.824312
66100.0,60.0,2023-08-05,4.0,260,1787,39.074208,21.824312
17455.0,118.0,2023-08-05,478.0,537,1233,37.9120426,23.7098513
11253.0,26.0,2023-08-05,0.0,1945,17,38.0051617,23.730919
32005.0,134.0,2023-08-05,797.0,811,899,38.4115377,22.6760481
44000.0,64.0,2023-08-05,0.0,31,1940,39.074208,21.824312
18532.0,48.0,2023-08-05,142.0,1293,1134,37.9471388,23.6522882
18020.0,35.0,2023-08-05,169.0,1351,645,39.074208,21.824312
26500.0,,2023-08-05,324.0,1721,536,39.074208,21.824312
11522.0,125.0,2023-08-05,1261.0,1264,1429,37.9884942,23.7565863
18901.0,78.0,2023-08-05,635.0,1521,1358,39.074208,21.824312
32100.0,128.0,2023-08-05,465.0,1033,859,39.074208,21.824312
19009.0,248.0,2023-08-05,955.0,423,1590,38.0178806,23.9979811
49084.0,70.0,2023-08-05,703.0,1930,2000,39.074208,21.824312
74051.0,142.0,2023-08-05,340.0,1099,1026,39.074208,21.824312
35000.0,25.0,2023-08-05,955.0,235,838,39.074208,21.824312
21000.0,1081.0,2023-08-05,3011.0,40,638,39.074208,21.824312
12243.0,129.0,2023-08-05,1387.0,498,68,37.997718,23.6739508
16232.0,22.0,2023-08-05,208.0,841,1230,37.9617869,23.7513958
12136.0,133.0,2023-08-05,1021.0,1166,272,38.0078308,23.6823818
13121.0,82.0,2023-08-05,852.0,1159,74,39.074208,21.824312
13671.0,418.0,2023-08-05,1523.0,394,1519,39.074208,21.824312
17342.0,,2023-08-05,733.0,389,1302,37.9229501,23.7268068
17456.0,140.0,2023-08-05,551.0,949,1292,37.9228947,23.7410981
13451.0,,2023-08-05,1633.0,1609,291,39.074208,21.824312
20000.0,71.0,2023-08-05,247.0,962,600,39.074208,21.824312
42100.0,63.0,2023-08-05,582.0,374,799,39.074208,21.824312
54640.0,138.0,2023-08-05,3073.0,891,421,39.074208,21.824312
32005.0,132.0,2023-08-05,529.0,848,891,38.4115377,22.6760481
45500.0,173.0,2023-08-05,3125.0,868,1950,39.074208,21.824312
42200.0,65.0,2023-08-05,1378.0,573,818,39.074208,21.824312
71305.0,92.0,2023-08-05,320.0,1842,1034,35.3272623,25.1299487
26332.0,,2023-08-05,21.0,798,570,38.2207737,21.7366312
12461.0,71.0,2023-08-05,714.0,1294,173,39.074208,21.824312
11474.0,47.0,2023-08-05,0.0,1905,75,39.074208,21.824312
54248.0,129.0,2023-08-05,1324.0,424,444,40.5992628,22.9594498
,122.0,2023-08-05,949.0,1139,822,39.074208,21.824312
18450.0,73.0,2023-08-05,525.0,1001,1073,39.074208,21.824312
34017.0,68.0,2023-08-05,855.0,222,951,38.348054,24.1957933
13122.0,56.0,2023-08-05,898.0,495,54,38.030062,23.7082108
32005.0,223.0,2023-08-05,143.0,379,890,38.4115377,22.6760481
15233.0,140.0,2023-08-05,1966.0,928,1558,38.024942,23.79748
11364.0,46.0,2023-08-05,318.0,1345,119,39.074208,21.824312
11524.0,88.0,2023-08-05,475.0,20,1496,39.074208,21.824312
12242.0,82.0,2023-08-05,400.0,1719,280,37.9959426,23.6830046
49100.0,120.0,2023-08-05,1681.0,917,1982,39.7627551,19.8186982
35000.0,104.0,2023-08-05,329.0,154,837,39.074208,21.824312
14671.0,140.0,2023-08-05,1129.0,464,1563,39.074208,21.824312
11527.0,82.0,2023-08-05,507.0,1894,230,37.9837928,23.7629689
24200.0,110.0,2023-08-05,448.0,1038,701,39.074208,21.824312
32009.0,122.0,2023-08-05,531.0,468,934,38.3380448,23.6202585
18648.0,99.0,2023-08-05,1055.0,1493,1190,37.9487205,23.6266542
30300.0,49.0,2023-08-05,281.0,777,1899,39.074208,21.824312
26335.0,88.0,2023-08-05,274.0,1141,567,38.22376260000001,21.7549156
55131.0,197.0,2023-08-05,251.0,803,407,39.074208,21.824312
32012.0,100.0,2023-08-05,553.0,914,882,38.3980277,22.6258244
81401.0,71.0,2023-08-05,273.0,858,964,39.074208,21.824312
18454.0,,2023-08-05,7.0,1453,1096,39.074208,21.824312
58400.0,104.0,2023-08-05,0.0,1000,1821,39.074208,21.824312
27200.0,119.0,2023-08-05,302.0,742,681,39.074208,21.824312
61400.0,205.0,2023-08-05,0.0,130,397,39.074208,21.824312
54655.0,133.0,2023-08-05,1990.0,861,443,40.594229,22.9523189
63077.0,114.0,2023-08-05,530.0,375,511,40.0011932,23.4204919
18534.0,80.0,2023-08-05,219.0,446,1112,39.074208,21.824312
42100.0,94.0,2023-08-05,1306.0,478,805,39.074208,21.824312
50300.0,209.0,2023-08-05,3070.0,43,1855,40.2828522,21.5547899
16346.0,99.0,2023-08-05,125.0,565,1125,37.9376968,23.7493748
11632.0,58.0,2023-08-05,1727.0,1496,93,37.9615539,23.743914
56429.0,70.0,2023-08-05,292.0,1500,330,40.6762832,22.9433501
11523.0,,2023-08-05,868.0,1932,249,37.9907104,23.7632924
30200.0,30.0,2023-08-05,0.0,668,1895,39.074208,21.824312
17341.0,107.0,2023-08-05,0.0,1072,1300,39.074208,21.824312
27131.0,72.0,2023-08-05,321.0,1900,670,39.074208,21.824312
34400.0,58.0,2023-08-05,149.0,756,927,39.074208,21.824312
17564.0,107.0,2023-08-05,919.0,1356,1359,39.074208,21.824312
18532.0,90.0,2023-08-05,464.0,1971,1082,37.9471388,23.6522882
49100.0,155.0,2023-08-05,1441.0,469,1987,39.7627551,19.8186982
18538.0,63.0,2023-08-05,260.0,621,1330,37.9368069,23.6360172
11146.0,97.0,2023-08-05,3178.0,1255,1557,38.0192869,23.7520535
12462.0,75.0,2023-08-05,665.0,1635,216,38.0142141,23.6545055
17456.0,55.0,2023-08-05,92.0,884,1261,37.9228947,23.7410981
24021.0,80.0,2023-08-05,257.0,324,711,39.074208,21.824312
11522.0,49.0,2023-08-05,790.0,1679,1508,37.9884942,23.7565863
16341.0,72.0,2023-08-05,97.0,1386,1240,39.074208,21.824312
11253.0,65.0,2023-08-05,286.0,54,34,38.0051617,23.730919
38500.0,48.0,2023-08-05,700.0,149,745,39.074208,21.824312
54248.0,41.0,2023-08-05,4.0,1002,428,40.5992628,22.9594498
17234.0,50.0,2023-08-05,860.0,1847,1251,39.074208,21.824312
17343.0,85.0,2023-08-05,175.0,818,1403,37.9366072,23.731093
63080.0,148.0,2023-08-05,282.0,1953,513,39.074208,21.824312
11636.0,118.0,2023-08-05,1304.0,1269,1115,37.9649405,23.7371645
24100.0,23.0,2023-08-05,502.0,1710,700,37.0802026,22.166867
12244.0,126.0,2023-08-05,168.0,1829,9,39.074208,21.824312
17341.0,98.0,2023-08-05,376.0,1273,1414,39.074208,21.824312
32002.0,80.0,2023-08-05,222.0,1234,917,38.322432,23.162499
18540.0,107.0,2023-08-05,215.0,1516,1173,39.074208,21.824312
54352.0,101.0,2023-08-05,169.0,1365,439,40.6120795,22.9831264
14233.0,63.0,2023-08-05,178.0,1712,1467,38.0352473,23.759774
14234.0,57.0,2023-08-05,614.0,1749,1684,39.074208,21.824312
14232.0,95.0,2023-08-05,611.0,585,1497,38.0330559,23.7498118
10444.0,85.0,2023-08-05,951.0,1649,261,39.074208,21.824312
71500.0,135.0,2023-08-05,1809.0,1179,1039,39.074208,21.824312
11523.0,30.0,2023-08-05,127.0,1796,42,37.9907104,23.7632924
34400.0,111.0,2023-08-05,344.0,1459,935,39.074208,21.824312
63075.0,82.0,2023-08-05,347.0,1326,519,40.39709879999999,23.7870822
60200.0,64.0,2023-08-05,482.0,1703,1848,39.074208,21.824312
54642.0,99.0,2023-08-05,941.0,1112,374,40.6099673,22.9568021
54453.0,,2023-08-05,490.0,1792,450,40.6136319,22.9679772
70003.0,115.0,2023-08-05,743.0,505,1051,35.1366688,24.9663967
42100.0,64.0,2023-08-05,665.0,762,813,39.074208,21.824312
62100.0,27.0,2023-08-05,638.0,649,1801,39.074208,21.824312
15344.0,172.0,2023-08-05,1858.0,1328,1706,39.074208,21.824312
32100.0,160.0,2023-08-05,393.0,812,860,39.074208,21.824312
17342.0,85.0,2023-08-05,273.0,1826,1416,37.9229501,23.7268068
16777.0,120.0,2023-08-05,259.0,1455,1295,37.8953537,23.744783
18451.0,117.0,2023-08-05,580.0,453,1344,39.074208,21.824312
15342.0,124.0,2023-08-05,571.0,887,1608,38.0090986,23.8242985
71410.0,220.0,2023-08-05,36.0,964,1042,35.3180714,25.1225827
21200.0,60.0,2023-08-05,75.0,1642,627,39.074208,21.824312
35003.0,177.0,2023-08-05,669.0,100,852,38.90035,22.1197918
1950019500.0,104.0,2023-08-05,117.0,273,1720,39.074208,21.824312
15231.0,,2023-08-05,267.0,934,1486,39.074208,21.824312
43100.0,125.0,2023-08-05,1118.0,1090,832,39.074208,21.824312
13451.0,144.0,2023-08-05,1083.0,708,180,39.074208,21.824312
65403.0,76.0,2023-08-05,141.0,1202,1773,40.935216,24.3995818
32005.0,235.0,2023-08-05,1578.0,145,889,38.4115377,22.6760481
15124.0,108.0,2023-08-05,706.0,1448,1652,39.074208,21.824312
19100.0,147.0,2023-08-05,1188.0,13,588,39.074208,21.824312
16675.0,87.0,2023-08-05,806.0,1976,1390,37.8640519,23.7454264
15121.0,33.0,2023-08-05,659.0,270,1666,39.074208,21.824312
32005.0,104.0,2023-08-05,22.0,72,880,38.4115377,22.6760481
27053.0,119.0,2023-08-05,960.0,652,684,37.9398198,21.2426576
26335.0,90.0,2023-08-05,879.0,58,526,38.22376260000001,21.7549156
11363.0,85.0,2023-08-05,570.0,563,142,38.0006895,23.7462833
26331.0,336.0,2023-08-05,915.0,193,539,39.074208,21.824312
42100.0,90.0,2023-08-05,551.0,275,804,39.074208,21.824312
19200.0,63.0,2023-08-05,708.0,411,1582,39.074208,21.824312
26223.0,54.0,2023-08-05,357.0,1949,545,38.254639,21.7414437
12243.0,60.0,2023-08-05,57.0,778,198,37.997718,23.6739508
26334.0,328.0,2023-08-05,2613.0,1542,555,39.074208,21.824312
19200.0,135.0,2023-08-05,670.0,795,1691,39.074208,21.824312
54640.0,52.0,2023-08-05,138.0,1805,459,39.074208,21.824312
38222.0,41.0,2023-08-05,343.0,1662,759,39.3532761,22.9617457
18536.0,48.0,2023-08-05,793.0,87,1139,37.9393131,23.6424563
11476.0,74.0,2023-08-05,893.0,1106,1487,37.9971193,23.753836
15123.0,139.0,2023-08-05,1397.0,310,1657,38.0282618,23.7876589
57021.0,67.0,2023-08-05,1838.0,1965,387,39.074208,21.824312
12133.0,99.0,2023-08-05,666.0,1525,168,38.0146322,23.7053501
15344.0,154.0,2023-08-05,834.0,150,1700,39.074208,21.824312
30300.0,100.0,2023-08-05,436.0,710,1900,39.074208,21.824312
54250.0,80.0,2023-08-05,355.0,365,437,39.074208,21.824312
26334.0,32.0,2023-08-05,1014.0,1830,559,39.074208,21.824312
15231.0,,2023-08-05,533.0,869,1511,39.074208,21.824312
11631.0,107.0,2023-08-05,770.0,414,1404,39.074208,21.824312
38221.0,73.0,2023-08-05,1082.0,279,728,39.074208,21.824312
63100.0,117.0,2023-08-05,1156.0,713,500,39.074208,21.824312
19010.0,134.0,2023-08-05,121.0,1121,1593,39.074208,21.824312
11528.0,74.0,2023-08-05,253.0,544,36,37.98049640000001,23.7561153
56429.0,100.0,2023-08-05,848.0,1335,337,40.6762832,22.9433501
26226.0,30.0,2023-08-05,889.0,1541,561,38.235549,21.7442426
57013.0,111.0,2023-08-05,374.0,1445,377,40.7137773,22.9283587
26331.0,60.0,2023-08-05,471.0,1085,528,39.074208,21.824312
82100.0,159.0,2023-08-05,873.0,880,987,39.074208,21.824312
14578.0,347.0,2023-08-05,727.0,234,1640,38.1035092,23.8374452
55133.0,,2023-08-05,653.0,1523,433,40.5830803,22.9600784
13562.0,80.0,2023-08-05,863.0,1370,170,38.0368388,23.7276852
32100.0,81.0,2023-08-05,254.0,1655,900,39.074208,21.824312
13671.0,83.0,2023-08-05,431.0,1866,303,39.074208,21.824312
45445.0,103.0,2023-08-05,940.0,539,1948,39.6784673,20.8369577
11522.0,65.0,2023-08-05,941.0,317,1570,37.9884942,23.7565863
21055.0,183.0,2023-08-05,543.0,1643,625,37.6456561,22.8146169
85300.0,89.0,2023-08-05,166.0,1486,1000,39.074208,21.824312
14565.0,243.0,2023-08-05,1498.0,823,1655,38.1410294,23.8574625
11143.0,87.0,2023-08-05,673.0,1154,1686,38.0236403,23.7327993
68100.0,91.0,2023-08-05,179.0,1242,1730,40.8551059,25.7417761
55134.0,43.0,2023-08-05,384.0,1375,464,39.074208,21.824312
18863.0,127.0,2023-08-05,14.0,1781,1092,37.96452,23.5679726
53100.0,26.0,2023-08-05,90.0,176,1869,39.074208,21.824312
34100.0,75.0,2023-08-05,204.0,287,928,39.074208,21.824312
73135.0,,2023-08-05,282.0,711,1006,35.5115215,24.0188242
11526.0,,2023-08-05,700.0,1261,41,37.9897207,23.7651761
15126.0,87.0,2023-08-05,506.0,179,1513,38.0524345,23.8199058
14671.0,153.0,2023-08-05,889.0,23,1430,39.074208,21.824312
13123.0,103.0,2023-08-05,633.0,306,201,38.0374707,23.6978864
11851.0,64.0,2023-08-05,536.0,564,57,39.074208,21.824312
15341.0,50.0,2023-08-05,97.0,978,1527,39.074208,21.824312
71500.0,86.0,2023-08-05,603.0,1380,1046,39.074208,21.824312
64200.0,60.0,2023-08-05,1307.0,820,1784,39.074208,21.824312
14122.0,48.0,2023-08-05,365.0,1235,1475,38.0511604,23.7680577
25100.0,75.0,2023-08-05,319.0,1456,587,39.074208,21.824312
